{
  "pageSize": 100,
  "pageNum": 1,
  "noOfPages": 1,
  "totalNoOfRecords": 32,
  "hasNext": "N",
  "loanDetails": {
    "loanRef": "999000000111974"
  },
  "repaymentEvents": [
    {
      "loanId": 11740,
      "dueDt": "20260115",
      "paidDt": null,
      "principalAmt": 2199.3,
      "interestDue": null,
      "penalDueAmount": null,
      "principalPaid": null,
      "interestPaid": null,
      "penalPaid": null,
      "expectedPrincipal": 997800.7,
      "status": 1,
      "installmentAmt": 11365.97,
      "projectedIntAmt": 9166.67,
      "originalDueDt": "20260115"
    },
    {
      "loanId": 11740,
      "dueDt": "20260215",
      "paidDt": null,
      "principalAmt": 2219.46,
      "interestDue": null,
      "penalDueAmount": null,
      "principalPaid": null,
      "interestPaid": null,
      "penalPaid": null,
      "expectedPrincipal": 995581.24,
      "status": 1,
      "installmentAmt": 11365.97,
      "projectedIntAmt": 9146.51,
      "originalDueDt": "20260215"
    },
    {
      "loanId": 11740,
      "dueDt": "20260315",
      "paidDt": null,
      "principalAmt": 2239.81,
      "interestDue": null,
      "penalDueAmount": null,
      "principalPaid": null,
      "interestPaid": null,
      "penalPaid": null,
      "expectedPrincipal": 993341.43,
      "status": 1,
      "installmentAmt": 11365.97,
      "projectedIntAmt": 9126.16,
      "originalDueDt": "20260315"
    },
    {
      "loanId": 11740,
      "dueDt": "20260415",
      "paidDt": null,
      "principalAmt": 2260.34,
      "interestDue": null,
      "penalDueAmount": null,
      "principalPaid": null,
      "interestPaid": null,
      "penalPaid": null,
      "expectedPrincipal": 991081.09,
      "status": 1,
      "installmentAmt": 11365.97,
      "projectedIntAmt": 9105.63,
      "originalDueDt": "20260415"
    },
    {
      "loanId": 11740,
      "dueDt": "20260515",
      "paidDt": null,
      "principalAmt": 2281.06,
      "interestDue": null,
      "penalDueAmount": null,
      "principalPaid": null,
      "interestPaid": null,
      "penalPaid": null,
      "expectedPrincipal": 988800.03,
      "status": 1,
      "installmentAmt": 11365.97,
      "projectedIntAmt": 9084.91,
      "originalDueDt": "20260515"
    },
    {
      "loanId": 11740,
      "dueDt": "20260615",
      "paidDt": null,
      "principalAmt": 2301.97,
      "interestDue": null,
      "penalDueAmount": null,
      "principalPaid": null,
      "interestPaid": null,
      "penalPaid": null,
      "expectedPrincipal": 986498.06,
      "status": 1,
      "installmentAmt": 11365.97,
      "projectedIntAmt": 9064.0,
      "originalDueDt": "20260615"
    },
    {
      "loanId": 11740,
      "dueDt": "20260715",
      "paidDt": null,
      "principalAmt": 2323.07,
      "interestDue": null,
      "penalDueAmount": null,
      "principalPaid": null,
      "interestPaid": null,
      "penalPaid": null,
      "expectedPrincipal": 984174.99,
      "status": 1,
      "installmentAmt": 11365.97,
      "projectedIntAmt": 9042.9,
      "originalDueDt": "20260715"
    },
    {
      "loanId": 11740,
      "dueDt": "20260815",
      "paidDt": null,
      "principalAmt": 2344.37,
      "interestDue": null,
      "penalDueAmount": null,
      "principalPaid": null,
      "interestPaid": null,
      "penalPaid": null,
      "expectedPrincipal": 981830.62,
      "status": 1,
      "installmentAmt": 11365.97,
      "projectedIntAmt": 9021.6,
      "originalDueDt": "20260815"
    },
    {
      "loanId": 11740,
      "dueDt": "20260915",
      "paidDt": null,
      "principalAmt": 2365.86,
      "interestDue": null,
      "penalDueAmount": null,
      "principalPaid": null,
      "interestPaid": null,
      "penalPaid": null,
      "expectedPrincipal": 979464.76,
      "status": 1,
      "installmentAmt": 11365.97,
      "projectedIntAmt": 9000.11,
      "originalDueDt": "20260915"
    },
    {
      "loanId": 11740,
      "dueDt": "20261015",
      "paidDt": null,
      "principalAmt": 2387.54,
      "interestDue": null,
      "penalDueAmount": null,
      "principalPaid": null,
      "interestPaid": null,
      "penalPaid": null,
      "expectedPrincipal": 977077.22,
      "status": 1,
      "installmentAmt": 11365.97,
      "projectedIntAmt": 8978.43,
      "originalDueDt": "20261015"
    },
    {
      "loanId": 11740,
      "dueDt": "20261115",
      "paidDt": null,
      "principalAmt": 2409.43,
      "interestDue": null,
      "penalDueAmount": null,
      "principalPaid": null,
      "interestPaid": null,
      "penalPaid": null,
      "expectedPrincipal": 974667.79,
      "status": 1,
      "installmentAmt": 11365.97,
      "projectedIntAmt": 8956.54,
      "originalDueDt": "20261115"
    },
    {
      "loanId": 11740,
      "dueDt": "20261215",
      "paidDt": null,
      "principalAmt": 2431.52,
      "interestDue": null,
      "penalDueAmount": null,
      "principalPaid": null,
      "interestPaid": null,
      "penalPaid": null,
      "expectedPrincipal": 972236.27,
      "status": 1,
      "installmentAmt": 11365.97,
      "projectedIntAmt": 8934.45,
      "originalDueDt": "20261215"
    },
    {
      "loanId": 11740,
      "dueDt": "20270115",
      "paidDt": null,
      "principalAmt": 2453.8,
      "interestDue": null,
      "penalDueAmount": null,
      "principalPaid": null,
      "interestPaid": null,
      "penalPaid": null,
      "expectedPrincipal": 969782.47,
      "status": 1,
      "installmentAmt": 11365.97,
      "projectedIntAmt": 8912.17,
      "originalDueDt": "20270115"
    },
    {
      "loanId": 11740,
      "dueDt": "20270215",
      "paidDt": null,
      "principalAmt": 2476.3,
      "interestDue": null,
      "penalDueAmount": null,
      "principalPaid": null,
      "interestPaid": null,
      "penalPaid": null,
      "expectedPrincipal": 967306.17,
      "status": 1,
      "installmentAmt": 11365.97,
      "projectedIntAmt": 8889.67,
      "originalDueDt": "20270215"
    },
    {
      "loanId": 11740,
      "dueDt": "20270315",
      "paidDt": null,
      "principalAmt": 2499.0,
      "interestDue": null,
      "penalDueAmount": null,
      "principalPaid": null,
      "interestPaid": null,
      "penalPaid": null,
      "expectedPrincipal": 964807.17,
      "status": 1,
      "installmentAmt": 11365.97,
      "projectedIntAmt": 8866.97,
      "originalDueDt": "20270315"
    },
    {
      "loanId": 11740,
      "dueDt": "20270415",
      "paidDt": null,
      "principalAmt": 2521.9,
      "interestDue": null,
      "penalDueAmount": null,
      "principalPaid": null,
      "interestPaid": null,
      "penalPaid": null,
      "expectedPrincipal": 962285.27,
      "status": 1,
      "installmentAmt": 11365.97,
      "projectedIntAmt": 8844.07,
      "originalDueDt": "20270415"
    },
    {
      "loanId": 11740,
      "dueDt": "20270515",
      "paidDt": null,
      "principalAmt": 2545.02,
      "interestDue": null,
      "penalDueAmount": null,
      "principalPaid": null,
      "interestPaid": null,
      "penalPaid": null,
      "expectedPrincipal": 959740.25,
      "status": 1,
      "installmentAmt": 11365.97,
      "projectedIntAmt": 8820.95,
      "originalDueDt": "20270515"
    },
    {
      "loanId": 11740,
      "dueDt": "20270615",
      "paidDt": null,
      "principalAmt": 2568.35,
      "interestDue": null,
      "penalDueAmount": null,
      "principalPaid": null,
      "interestPaid": null,
      "penalPaid": null,
      "expectedPrincipal": 957171.9,
      "status": 1,
      "installmentAmt": 11365.97,
      "projectedIntAmt": 8797.62,
      "originalDueDt": "20270615"
    },
    {
      "loanId": 11740,
      "dueDt": "20270715",
      "paidDt": null,
      "principalAmt": 2591.89,
      "interestDue": null,
      "penalDueAmount": null,
      "principalPaid": null,
      "interestPaid": null,
      "penalPaid": null,
      "expectedPrincipal": 954580.01,
      "status": 1,
      "installmentAmt": 11365.97,
      "projectedIntAmt": 8774.08,
      "originalDueDt": "20270715"
    },
    {
      "loanId": 11740,
      "dueDt": "20270815",
      "paidDt": null,
      "principalAmt": 2615.65,
      "interestDue": null,
      "penalDueAmount": null,
      "principalPaid": null,
      "interestPaid": null,
      "penalPaid": null,
      "expectedPrincipal": 951964.36,
      "status": 1,
      "installmentAmt": 11365.97,
      "projectedIntAmt": 8750.32,
      "originalDueDt": "20270815"
    },
    {
      "loanId": 11740,
      "dueDt": "20270915",
      "paidDt": null,
      "principalAmt": 2639.63,
      "interestDue": null,
      "penalDueAmount": null,
      "principalPaid": null,
      "interestPaid": null,
      "penalPaid": null,
      "expectedPrincipal": 949324.73,
      "status": 1,
      "installmentAmt": 11365.97,
      "projectedIntAmt": 8726.34,
      "originalDueDt": "20270915"
    },
    {
      "loanId": 11740,
      "dueDt": "20271015",
      "paidDt": null,
      "principalAmt": 2663.83,
      "interestDue": null,
      "penalDueAmount": null,
      "principalPaid": null,
      "interestPaid": null,
      "penalPaid": null,
      "expectedPrincipal": 946660.9,
      "status": 1,
      "installmentAmt": 11365.97,
      "projectedIntAmt": 8702.14,
      "originalDueDt": "20271015"
    },
    {
      "loanId": 11740,
      "dueDt": "20271115",
      "paidDt": null,
      "principalAmt": 2688.25,
      "interestDue": null,
      "penalDueAmount": null,
      "principalPaid": null,
      "interestPaid": null,
      "penalPaid": null,
      "expectedPrincipal": 943972.65,
      "status": 1,
      "installmentAmt": 11365.97,
      "projectedIntAmt": 8677.72,
      "originalDueDt": "20271115"
    },
    {
      "loanId": 11740,
      "dueDt": "20271215",
      "paidDt": null,
      "principalAmt": 2712.89,
      "interestDue": null,
      "penalDueAmount": null,
      "principalPaid": null,
      "interestPaid": null,
      "penalPaid": null,
      "expectedPrincipal": 941259.76,
      "status": 1,
      "installmentAmt": 11365.97,
      "projectedIntAmt": 8653.08,
      "originalDueDt": "20271215"
    },
    {
      "loanId": 11740,
      "dueDt": "20280115",
      "paidDt": null,
      "principalAmt": 2737.76,
      "interestDue": null,
      "penalDueAmount": null,
      "principalPaid": null,
      "interestPaid": null,
      "penalPaid": null,
      "expectedPrincipal": 938522.0,
      "status": 1,
      "installmentAmt": 11365.97,
      "projectedIntAmt": 8628.21,
      "originalDueDt": "20280115"
    },
    {
      "loanId": 11740,
      "dueDt": "20280215",
      "paidDt": null,
      "principalAmt": 2762.85,
      "interestDue": null,
      "penalDueAmount": null,
      "principalPaid": null,
      "interestPaid": null,
      "penalPaid": null,
      "expectedPrincipal": 935759.15,
      "status": 1,
      "installmentAmt": 11365.97,
      "projectedIntAmt": 8603.12,
      "originalDueDt": "20280215"
    },
    {
      "loanId": 11740,
      "dueDt": "20280315",
      "paidDt": null,
      "principalAmt": 2788.18,
      "interestDue": null,
      "penalDueAmount": null,
      "principalPaid": null,
      "interestPaid": null,
      "penalPaid": null,
      "expectedPrincipal": 932970.97,
      "status": 1,
      "installmentAmt": 11365.97,
      "projectedIntAmt": 8577.79,
      "originalDueDt": "20280315"
    },
    {
      "loanId": 11740,
      "dueDt": "20280415",
      "paidDt": null,
      "principalAmt": 2813.74,
      "interestDue": null,
      "penalDueAmount": null,
      "principalPaid": null,
      "interestPaid": null,
      "penalPaid": null,
      "expectedPrincipal": 930157.23,
      "status": 1,
      "installmentAmt": 11365.97,
      "projectedIntAmt": 8552.23,
      "originalDueDt": "20280415"
    },
    {
      "loanId": 11740,
      "dueDt": "20280515",
      "paidDt": null,
      "principalAmt": 2839.53,
      "interestDue": null,
      "penalDueAmount": null,
      "principalPaid": null,
      "interestPaid": null,
      "penalPaid": null,
      "expectedPrincipal": 927317.7,
      "status": 1,
      "installmentAmt": 11365.97,
      "projectedIntAmt": 8526.44,
      "originalDueDt": "20280515"
    },
    {
      "loanId": 11740,
      "dueDt": "20280615",
      "paidDt": null,
      "principalAmt": 2865.56,
      "interestDue": null,
      "penalDueAmount": null,
      "principalPaid": null,
      "interestPaid": null,
      "penalPaid": null,
      "expectedPrincipal": 924452.14,
      "status": 1,
      "installmentAmt": 11365.97,
      "projectedIntAmt": 8500.41,
      "originalDueDt": "20280615"
    },
    {
      "loanId": 11740,
      "dueDt": "20280715",
      "paidDt": null,
      "principalAmt": 2891.83,
      "interestDue": null,
      "penalDueAmount": null,
      "principalPaid": null,
      "interestPaid": null,
      "penalPaid": null,
      "expectedPrincipal": 921560.31,
      "status": 1,
      "installmentAmt": 11365.97,
      "projectedIntAmt": 8474.14,
      "originalDueDt": "20280715"
    },
    {
      "loanId": 11740,
      "dueDt": "20280815",
      "paidDt": null,
      "principalAmt": 2918.33,
      "interestDue": null,
      "penalDueAmount": null,
      "principalPaid": null,
      "interestPaid": null,
      "penalPaid": null,
      "expectedPrincipal": 918641.98,
      "status": 1,
      "installmentAmt": 11365.97,
      "projectedIntAmt": 8447.64,
      "originalDueDt": "20280815"
    },
    {
      "loanId": 11740,
      "dueDt": "20280915",
      "paidDt": null,
      "principalAmt": 2945.09,
      "interestDue": null,
      "penalDueAmount": null,
      "principalPaid": null,
      "interestPaid": null,
      "penalPaid": null,
      "expectedPrincipal": 915696.89,
      "status": 1,
      "installmentAmt": 11365.97,
      "projectedIntAmt": 8420.88,
      "originalDueDt": "20280915"
    },
    {
      "loanId": 11740,
      "dueDt": "20281015",
      "paidDt": null,
      "principalAmt": 2972.08,
      "interestDue": null,
      "penalDueAmount": null,
      "principalPaid": null,
      "interestPaid": null,
      "penalPaid": null,
      "expectedPrincipal": 912724.81,
      "status": 1,
      "installmentAmt": 11365.97,
      "projectedIntAmt": 8393.89,
      "originalDueDt": "20281015"
    },
    {
      "loanId": 11740,
      "dueDt": "20281115",
      "paidDt": null,
      "principalAmt": 2999.33,
      "interestDue": null,
      "penalDueAmount": null,
      "principalPaid": null,
      "interestPaid": null,
      "penalPaid": null,
      "expectedPrincipal": 909725.48,
      "status": 1,
      "installmentAmt": 11365.97,
      "projectedIntAmt": 8366.64,
      "originalDueDt": "20281115"
    },
    {
      "loanId": 11740,
      "dueDt": "20281215",
      "paidDt": null,
      "principalAmt": 3026.82,
      "interestDue": null,
      "penalDueAmount": null,
      "principalPaid": null,
      "interestPaid": null,
      "penalPaid": null,
      "expectedPrincipal": 906698.66,
      "status": 1,
      "installmentAmt": 11365.97,
      "projectedIntAmt": 8339.15,
      "originalDueDt": "20281215"
    },
    {
      "loanId": 11740,
      "dueDt": "20290115",
      "paidDt": null,
      "principalAmt": 3054.57,
      "interestDue": null,
      "penalDueAmount": null,
      "principalPaid": null,
      "interestPaid": null,
      "penalPaid": null,
      "expectedPrincipal": 903644.09,
      "status": 1,
      "installmentAmt": 11365.97,
      "projectedIntAmt": 8311.4,
      "originalDueDt": "20290115"
    },
    {
      "loanId": 11740,
      "dueDt": "20290215",
      "paidDt": null,
      "principalAmt": 3082.57,
      "interestDue": null,
      "penalDueAmount": null,
      "principalPaid": null,
      "interestPaid": null,
      "penalPaid": null,
      "expectedPrincipal": 900561.52,
      "status": 1,
      "installmentAmt": 11365.97,
      "projectedIntAmt": 8283.4,
      "originalDueDt": "20290215"
    },
    {
      "loanId": 11740,
      "dueDt": "20290315",
      "paidDt": null,
      "principalAmt": 3110.82,
      "interestDue": null,
      "penalDueAmount": null,
      "principalPaid": null,
      "interestPaid": null,
      "penalPaid": null,
      "expectedPrincipal": 897450.7,
      "status": 1,
      "installmentAmt": 11365.97,
      "projectedIntAmt": 8255.15,
      "originalDueDt": "20290315"
    },
    {
      "loanId": 11740,
      "dueDt": "20290415",
      "paidDt": null,
      "principalAmt": 3139.34,
      "interestDue": null,
      "penalDueAmount": null,
      "principalPaid": null,
      "interestPaid": null,
      "penalPaid": null,
      "expectedPrincipal": 894311.36,
      "status": 1,
      "installmentAmt": 11365.97,
      "projectedIntAmt": 8226.63,
      "originalDueDt": "20290415"
    },
    {
      "loanId": 11740,
      "dueDt": "20290515",
      "paidDt": null,
      "principalAmt": 3168.12,
      "interestDue": null,
      "penalDueAmount": null,
      "principalPaid": null,
      "interestPaid": null,
      "penalPaid": null,
      "expectedPrincipal": 891143.24,
      "status": 1,
      "installmentAmt": 11365.97,
      "projectedIntAmt": 8197.85,
      "originalDueDt": "20290515"
    },
    {
      "loanId": 11740,
      "dueDt": "20290615",
      "paidDt": null,
      "principalAmt": 3197.16,
      "interestDue": null,
      "penalDueAmount": null,
      "principalPaid": null,
      "interestPaid": null,
      "penalPaid": null,
      "expectedPrincipal": 887946.08,
      "status": 1,
      "installmentAmt": 11365.97,
      "projectedIntAmt": 8168.81,
      "originalDueDt": "20290615"
    },
    {
      "loanId": 11740,
      "dueDt": "20290715",
      "paidDt": null,
      "principalAmt": 3226.46,
      "interestDue": null,
      "penalDueAmount": null,
      "principalPaid": null,
      "interestPaid": null,
      "penalPaid": null,
      "expectedPrincipal": 884719.62,
      "status": 1,
      "installmentAmt": 11365.97,
      "projectedIntAmt": 8139.51,
      "originalDueDt": "20290715"
    },
    {
      "loanId": 11740,
      "dueDt": "20290815",
      "paidDt": null,
      "principalAmt": 3256.04,
      "interestDue": null,
      "penalDueAmount": null,
      "principalPaid": null,
      "interestPaid": null,
      "penalPaid": null,
      "expectedPrincipal": 881463.58,
      "status": 1,
      "installmentAmt": 11365.97,
      "projectedIntAmt": 8109.93,
      "originalDueDt": "20290815"
    },
    {
      "loanId": 11740,
      "dueDt": "20290915",
      "paidDt": null,
      "principalAmt": 3285.89,
      "interestDue": null,
      "penalDueAmount": null,
      "principalPaid": null,
      "interestPaid": null,
      "penalPaid": null,
      "expectedPrincipal": 878177.69,
      "status": 1,
      "installmentAmt": 11365.97,
      "projectedIntAmt": 8080.08,
      "originalDueDt": "20290915"
    },
    {
      "loanId": 11740,
      "dueDt": "20291015",
      "paidDt": null,
      "principalAmt": 3316.01,
      "interestDue": null,
      "penalDueAmount": null,
      "principalPaid": null,
      "interestPaid": null,
      "penalPaid": null,
      "expectedPrincipal": 874861.68,
      "status": 1,
      "installmentAmt": 11365.97,
      "projectedIntAmt": 8049.96,
      "originalDueDt": "20291015"
    },
    {
      "loanId": 11740,
      "dueDt": "20291115",
      "paidDt": null,
      "principalAmt": 3346.4,
      "interestDue": null,
      "penalDueAmount": null,
      "principalPaid": null,
      "interestPaid": null,
      "penalPaid": null,
      "expectedPrincipal": 871515.28,
      "status": 1,
      "installmentAmt": 11365.97,
      "projectedIntAmt": 8019.57,
      "originalDueDt": "20291115"
    },
    {
      "loanId": 11740,
      "dueDt": "20291215",
      "paidDt": null,
      "principalAmt": 3377.08,
      "interestDue": null,
      "penalDueAmount": null,
      "principalPaid": null,
      "interestPaid": null,
      "penalPaid": null,
      "expectedPrincipal": 868138.2,
      "status": 1,
      "installmentAmt": 11365.97,
      "projectedIntAmt": 7988.89,
      "originalDueDt": "20291215"
    },
    {
      "loanId": 11740,
      "dueDt": "20300115",
      "paidDt": null,
      "principalAmt": 3408.04,
      "interestDue": null,
      "penalDueAmount": null,
      "principalPaid": null,
      "interestPaid": null,
      "penalPaid": null,
      "expectedPrincipal": 864730.16,
      "status": 1,
      "installmentAmt": 11365.97,
      "projectedIntAmt": 7957.93,
      "originalDueDt": "20300115"
    },
    {
      "loanId": 11740,
      "dueDt": "20300215",
      "paidDt": null,
      "principalAmt": 3439.28,
      "interestDue": null,
      "penalDueAmount": null,
      "principalPaid": null,
      "interestPaid": null,
      "penalPaid": null,
      "expectedPrincipal": 861290.88,
      "status": 1,
      "installmentAmt": 11365.97,
      "projectedIntAmt": 7926.69,
      "originalDueDt": "20300215"
    },
    {
      "loanId": 11740,
      "dueDt": "20300315",
      "paidDt": null,
      "principalAmt": 3470.8,
      "interestDue": null,
      "penalDueAmount": null,
      "principalPaid": null,
      "interestPaid": null,
      "penalPaid": null,
      "expectedPrincipal": 857820.08,
      "status": 1,
      "installmentAmt": 11365.97,
      "projectedIntAmt": 7895.17,
      "originalDueDt": "20300315"
    },
    {
      "loanId": 11740,
      "dueDt": "20300415",
      "paidDt": null,
      "principalAmt": 3502.62,
      "interestDue": null,
      "penalDueAmount": null,
      "principalPaid": null,
      "interestPaid": null,
      "penalPaid": null,
      "expectedPrincipal": 854317.46,
      "status": 1,
      "installmentAmt": 11365.97,
      "projectedIntAmt": 7863.35,
      "originalDueDt": "20300415"
    },
    {
      "loanId": 11740,
      "dueDt": "20300515",
      "paidDt": null,
      "principalAmt": 3534.73,
      "interestDue": null,
      "penalDueAmount": null,
      "principalPaid": null,
      "interestPaid": null,
      "penalPaid": null,
      "expectedPrincipal": 850782.73,
      "status": 1,
      "installmentAmt": 11365.97,
      "projectedIntAmt": 7831.24,
      "originalDueDt": "20300515"
    },
    {
      "loanId": 11740,
      "dueDt": "20300615",
      "paidDt": null,
      "principalAmt": 3567.13,
      "interestDue": null,
      "penalDueAmount": null,
      "principalPaid": null,
      "interestPaid": null,
      "penalPaid": null,
      "expectedPrincipal": 847215.6,
      "status": 1,
      "installmentAmt": 11365.97,
      "projectedIntAmt": 7798.84,
      "originalDueDt": "20300615"
    },
    {
      "loanId": 11740,
      "dueDt": "20300715",
      "paidDt": null,
      "principalAmt": 3599.83,
      "interestDue": null,
      "penalDueAmount": null,
      "principalPaid": null,
      "interestPaid": null,
      "penalPaid": null,
      "expectedPrincipal": 843615.77,
      "status": 1,
      "installmentAmt": 11365.97,
      "projectedIntAmt": 7766.14,
      "originalDueDt": "20300715"
    },
    {
      "loanId": 11740,
      "dueDt": "20300815",
      "paidDt": null,
      "principalAmt": 3632.83,
      "interestDue": null,
      "penalDueAmount": null,
      "principalPaid": null,
      "interestPaid": null,
      "penalPaid": null,
      "expectedPrincipal": 839982.94,
      "status": 1,
      "installmentAmt": 11365.97,
      "projectedIntAmt": 7733.14,
      "originalDueDt": "20300815"
    },
    {
      "loanId": 11740,
      "dueDt": "20300915",
      "paidDt": null,
      "principalAmt": 3666.13,
      "interestDue": null,
      "penalDueAmount": null,
      "principalPaid": null,
      "interestPaid": null,
      "penalPaid": null,
      "expectedPrincipal": 836316.81,
      "status": 1,
      "installmentAmt": 11365.97,
      "projectedIntAmt": 7699.84,
      "originalDueDt": "20300915"
    },
    {
      "loanId": 11740,
      "dueDt": "20301015",
      "paidDt": null,
      "principalAmt": 3699.73,
      "interestDue": null,
      "penalDueAmount": null,
      "principalPaid": null,
      "interestPaid": null,
      "penalPaid": null,
      "expectedPrincipal": 832617.08,
      "status": 1,
      "installmentAmt": 11365.97,
      "projectedIntAmt": 7666.24,
      "originalDueDt": "20301015"
    },
    {
      "loanId": 11740,
      "dueDt": "20301115",
      "paidDt": null,
      "principalAmt": 3733.65,
      "interestDue": null,
      "penalDueAmount": null,
      "principalPaid": null,
      "interestPaid": null,
      "penalPaid": null,
      "expectedPrincipal": 828883.43,
      "status": 1,
      "installmentAmt": 11365.97,
      "projectedIntAmt": 7632.32,
      "originalDueDt": "20301115"
    },
    {
      "loanId": 11740,
      "dueDt": "20301215",
      "paidDt": null,
      "principalAmt": 3767.87,
      "interestDue": null,
      "penalDueAmount": null,
      "principalPaid": null,
      "interestPaid": null,
      "penalPaid": null,
      "expectedPrincipal": 825115.56,
      "status": 1,
      "installmentAmt": 11365.97,
      "projectedIntAmt": 7598.1,
      "originalDueDt": "20301215"
    },
    {
      "loanId": 11740,
      "dueDt": "20310115",
      "paidDt": null,
      "principalAmt": 3802.41,
      "interestDue": null,
      "penalDueAmount": null,
      "principalPaid": null,
      "interestPaid": null,
      "penalPaid": null,
      "expectedPrincipal": 821313.15,
      "status": 1,
      "installmentAmt": 11365.97,
      "projectedIntAmt": 7563.56,
      "originalDueDt": "20310115"
    },
    {
      "loanId": 11740,
      "dueDt": "20310215",
      "paidDt": null,
      "principalAmt": 3837.27,
      "interestDue": null,
      "penalDueAmount": null,
      "principalPaid": null,
      "interestPaid": null,
      "penalPaid": null,
      "expectedPrincipal": 817475.88,
      "status": 1,
      "installmentAmt": 11365.97,
      "projectedIntAmt": 7528.7,
      "originalDueDt": "20310215"
    },
    {
      "loanId": 11740,
      "dueDt": "20310315",
      "paidDt": null,
      "principalAmt": 3872.44,
      "interestDue": null,
      "penalDueAmount": null,
      "principalPaid": null,
      "interestPaid": null,
      "penalPaid": null,
      "expectedPrincipal": 813603.44,
      "status": 1,
      "installmentAmt": 11365.97,
      "projectedIntAmt": 7493.53,
      "originalDueDt": "20310315"
    },
    {
      "loanId": 11740,
      "dueDt": "20310415",
      "paidDt": null,
      "principalAmt": 3907.94,
      "interestDue": null,
      "penalDueAmount": null,
      "principalPaid": null,
      "interestPaid": null,
      "penalPaid": null,
      "expectedPrincipal": 809695.5,
      "status": 1,
      "installmentAmt": 11365.97,
      "projectedIntAmt": 7458.03,
      "originalDueDt": "20310415"
    },
    {
      "loanId": 11740,
      "dueDt": "20310515",
      "paidDt": null,
      "principalAmt": 3943.76,
      "interestDue": null,
      "penalDueAmount": null,
      "principalPaid": null,
      "interestPaid": null,
      "penalPaid": null,
      "expectedPrincipal": 805751.74,
      "status": 1,
      "installmentAmt": 11365.97,
      "projectedIntAmt": 7422.21,
      "originalDueDt": "20310515"
    },
    {
      "loanId": 11740,
      "dueDt": "20310615",
      "paidDt": null,
      "principalAmt": 3979.91,
      "interestDue": null,
      "penalDueAmount": null,
      "principalPaid": null,
      "interestPaid": null,
      "penalPaid": null,
      "expectedPrincipal": 801771.83,
      "status": 1,
      "installmentAmt": 11365.97,
      "projectedIntAmt": 7386.06,
      "originalDueDt": "20310615"
    },
    {
      "loanId": 11740,
      "dueDt": "20310715",
      "paidDt": null,
      "principalAmt": 4016.39,
      "interestDue": null,
      "penalDueAmount": null,
      "principalPaid": null,
      "interestPaid": null,
      "penalPaid": null,
      "expectedPrincipal": 797755.44,
      "status": 1,
      "installmentAmt": 11365.97,
      "projectedIntAmt": 7349.58,
      "originalDueDt": "20310715"
    },
    {
      "loanId": 11740,
      "dueDt": "20310815",
      "paidDt": null,
      "principalAmt": 4053.21,
      "interestDue": null,
      "penalDueAmount": null,
      "principalPaid": null,
      "interestPaid": null,
      "penalPaid": null,
      "expectedPrincipal": 793702.23,
      "status": 1,
      "installmentAmt": 11365.97,
      "projectedIntAmt": 7312.76,
      "originalDueDt": "20310815"
    },
    {
      "loanId": 11740,
      "dueDt": "20310915",
      "paidDt": null,
      "principalAmt": 4090.37,
      "interestDue": null,
      "penalDueAmount": null,
      "principalPaid": null,
      "interestPaid": null,
      "penalPaid": null,
      "expectedPrincipal": 789611.86,
      "status": 1,
      "installmentAmt": 11365.97,
      "projectedIntAmt": 7275.6,
      "originalDueDt": "20310915"
    },
    {
      "loanId": 11740,
      "dueDt": "20311015",
      "paidDt": null,
      "principalAmt": 4127.86,
      "interestDue": null,
      "penalDueAmount": null,
      "principalPaid": null,
      "interestPaid": null,
      "penalPaid": null,
      "expectedPrincipal": 785484.0,
      "status": 1,
      "installmentAmt": 11365.97,
      "projectedIntAmt": 7238.11,
      "originalDueDt": "20311015"
    },
    {
      "loanId": 11740,
      "dueDt": "20311115",
      "paidDt": null,
      "principalAmt": 4165.7,
      "interestDue": null,
      "penalDueAmount": null,
      "principalPaid": null,
      "interestPaid": null,
      "penalPaid": null,
      "expectedPrincipal": 781318.3,
      "status": 1,
      "installmentAmt": 11365.97,
      "projectedIntAmt": 7200.27,
      "originalDueDt": "20311115"
    },
    {
      "loanId": 11740,
      "dueDt": "20311215",
      "paidDt": null,
      "principalAmt": 4203.89,
      "interestDue": null,
      "penalDueAmount": null,
      "principalPaid": null,
      "interestPaid": null,
      "penalPaid": null,
      "expectedPrincipal": 777114.41,
      "status": 1,
      "installmentAmt": 11365.97,
      "projectedIntAmt": 7162.08,
      "originalDueDt": "20311215"
    },
    {
      "loanId": 11740,
      "dueDt": "20320115",
      "paidDt": null,
      "principalAmt": 4242.42,
      "interestDue": null,
      "penalDueAmount": null,
      "principalPaid": null,
      "interestPaid": null,
      "penalPaid": null,
      "expectedPrincipal": 772871.99,
      "status": 1,
      "installmentAmt": 11365.97,
      "projectedIntAmt": 7123.55,
      "originalDueDt": "20320115"
    },
    {
      "loanId": 11740,
      "dueDt": "20320215",
      "paidDt": null,
      "principalAmt": 4281.31,
      "interestDue": null,
      "penalDueAmount": null,
      "principalPaid": null,
      "interestPaid": null,
      "penalPaid": null,
      "expectedPrincipal": 768590.68,
      "status": 1,
      "installmentAmt": 11365.97,
      "projectedIntAmt": 7084.66,
      "originalDueDt": "20320215"
    },
    {
      "loanId": 11740,
      "dueDt": "20320315",
      "paidDt": null,
      "principalAmt": 4320.56,
      "interestDue": null,
      "penalDueAmount": null,
      "principalPaid": null,
      "interestPaid": null,
      "penalPaid": null,
      "expectedPrincipal": 764270.12,
      "status": 1,
      "installmentAmt": 11365.97,
      "projectedIntAmt": 7045.41,
      "originalDueDt": "20320315"
    },
    {
      "loanId": 11740,
      "dueDt": "20320415",
      "paidDt": null,
      "principalAmt": 4360.16,
      "interestDue": null,
      "penalDueAmount": null,
      "principalPaid": null,
      "interestPaid": null,
      "penalPaid": null,
      "expectedPrincipal": 759909.96,
      "status": 1,
      "installmentAmt": 11365.97,
      "projectedIntAmt": 7005.81,
      "originalDueDt": "20320415"
    },
    {
      "loanId": 11740,
      "dueDt": "20320515",
      "paidDt": null,
      "principalAmt": 4400.13,
      "interestDue": null,
      "penalDueAmount": null,
      "principalPaid": null,
      "interestPaid": null,
      "penalPaid": null,
      "expectedPrincipal": 755509.83,
      "status": 1,
      "installmentAmt": 11365.97,
      "projectedIntAmt": 6965.84,
      "originalDueDt": "20320515"
    },
    {
      "loanId": 11740,
      "dueDt": "20320615",
      "paidDt": null,
      "principalAmt": 4440.46,
      "interestDue": null,
      "penalDueAmount": null,
      "principalPaid": null,
      "interestPaid": null,
      "penalPaid": null,
      "expectedPrincipal": 751069.37,
      "status": 1,
      "installmentAmt": 11365.97,
      "projectedIntAmt": 6925.51,
      "originalDueDt": "20320615"
    },
    {
      "loanId": 11740,
      "dueDt": "20320715",
      "paidDt": null,
      "principalAmt": 4481.17,
      "interestDue": null,
      "penalDueAmount": null,
      "principalPaid": null,
      "interestPaid": null,
      "penalPaid": null,
      "expectedPrincipal": 746588.2,
      "status": 1,
      "installmentAmt": 11365.97,
      "projectedIntAmt": 6884.8,
      "originalDueDt": "20320715"
    },
    {
      "loanId": 11740,
      "dueDt": "20320815",
      "paidDt": null,
      "principalAmt": 4522.24,
      "interestDue": null,
      "penalDueAmount": null,
      "principalPaid": null,
      "interestPaid": null,
      "penalPaid": null,
      "expectedPrincipal": 742065.96,
      "status": 1,
      "installmentAmt": 11365.97,
      "projectedIntAmt": 6843.73,
      "originalDueDt": "20320815"
    },
    {
      "loanId": 11740,
      "dueDt": "20320915",
      "paidDt": null,
      "principalAmt": 4563.7,
      "interestDue": null,
      "penalDueAmount": null,
      "principalPaid": null,
      "interestPaid": null,
      "penalPaid": null,
      "expectedPrincipal": 737502.26,
      "status": 1,
      "installmentAmt": 11365.97,
      "projectedIntAmt": 6802.27,
      "originalDueDt": "20320915"
    },
    {
      "loanId": 11740,
      "dueDt": "20321015",
      "paidDt": null,
      "principalAmt": 4605.53,
      "interestDue": null,
      "penalDueAmount": null,
      "principalPaid": null,
      "interestPaid": null,
      "penalPaid": null,
      "expectedPrincipal": 732896.73,
      "status": 1,
      "installmentAmt": 11365.97,
      "projectedIntAmt": 6760.44,
      "originalDueDt": "20321015"
    },
    {
      "loanId": 11740,
      "dueDt": "20321115",
      "paidDt": null,
      "principalAmt": 4647.75,
      "interestDue": null,
      "penalDueAmount": null,
      "principalPaid": null,
      "interestPaid": null,
      "penalPaid": null,
      "expectedPrincipal": 728248.98,
      "status": 1,
      "installmentAmt": 11365.97,
      "projectedIntAmt": 6718.22,
      "originalDueDt": "20321115"
    },
    {
      "loanId": 11740,
      "dueDt": "20321215",
      "paidDt": null,
      "principalAmt": 4690.35,
      "interestDue": null,
      "penalDueAmount": null,
      "principalPaid": null,
      "interestPaid": null,
      "penalPaid": null,
      "expectedPrincipal": 723558.63,
      "status": 1,
      "installmentAmt": 11365.97,
      "projectedIntAmt": 6675.62,
      "originalDueDt": "20321215"
    },
    {
      "loanId": 11740,
      "dueDt": "20330115",
      "paidDt": null,
      "principalAmt": 4733.35,
      "interestDue": null,
      "penalDueAmount": null,
      "principalPaid": null,
      "interestPaid": null,
      "penalPaid": null,
      "expectedPrincipal": 718825.28,
      "status": 1,
      "installmentAmt": 11365.97,
      "projectedIntAmt": 6632.62,
      "originalDueDt": "20330115"
    },
    {
      "loanId": 11740,
      "dueDt": "20330215",
      "paidDt": null,
      "principalAmt": 4776.74,
      "interestDue": null,
      "penalDueAmount": null,
      "principalPaid": null,
      "interestPaid": null,
      "penalPaid": null,
      "expectedPrincipal": 714048.54,
      "status": 1,
      "installmentAmt": 11365.97,
      "projectedIntAmt": 6589.23,
      "originalDueDt": "20330215"
    },
    {
      "loanId": 11740,
      "dueDt": "20330315",
      "paidDt": null,
      "principalAmt": 4820.53,
      "interestDue": null,
      "penalDueAmount": null,
      "principalPaid": null,
      "interestPaid": null,
      "penalPaid": null,
      "expectedPrincipal": 709228.01,
      "status": 1,
      "installmentAmt": 11365.97,
      "projectedIntAmt": 6545.44,
      "originalDueDt": "20330315"
    },
    {
      "loanId": 11740,
      "dueDt": "20330415",
      "paidDt": null,
      "principalAmt": 4864.71,
      "interestDue": null,
      "penalDueAmount": null,
      "principalPaid": null,
      "interestPaid": null,
      "penalPaid": null,
      "expectedPrincipal": 704363.3,
      "status": 1,
      "installmentAmt": 11365.97,
      "projectedIntAmt": 6501.26,
      "originalDueDt": "20330415"
    },
    {
      "loanId": 11740,
      "dueDt": "20330515",
      "paidDt": null,
      "principalAmt": 4909.31,
      "interestDue": null,
      "penalDueAmount": null,
      "principalPaid": null,
      "interestPaid": null,
      "penalPaid": null,
      "expectedPrincipal": 699453.99,
      "status": 1,
      "installmentAmt": 11365.97,
      "projectedIntAmt": 6456.66,
      "originalDueDt": "20330515"
    },
    {
      "loanId": 11740,
      "dueDt": "20330615",
      "paidDt": null,
      "principalAmt": 4954.31,
      "interestDue": null,
      "penalDueAmount": null,
      "principalPaid": null,
      "interestPaid": null,
      "penalPaid": null,
      "expectedPrincipal": 694499.68,
      "status": 1,
      "installmentAmt": 11365.97,
      "projectedIntAmt": 6411.66,
      "originalDueDt": "20330615"
    },
    {
      "loanId": 11740,
      "dueDt": "20330715",
      "paidDt": null,
      "principalAmt": 4999.72,
      "interestDue": null,
      "penalDueAmount": null,
      "principalPaid": null,
      "interestPaid": null,
      "penalPaid": null,
      "expectedPrincipal": 689499.96,
      "status": 1,
      "installmentAmt": 11365.97,
      "projectedIntAmt": 6366.25,
      "originalDueDt": "20330715"
    },
    {
      "loanId": 11740,
      "dueDt": "20330815",
      "paidDt": null,
      "principalAmt": 5045.55,
      "interestDue": null,
      "penalDueAmount": null,
      "principalPaid": null,
      "interestPaid": null,
      "penalPaid": null,
      "expectedPrincipal": 684454.41,
      "status": 1,
      "installmentAmt": 11365.97,
      "projectedIntAmt": 6320.42,
      "originalDueDt": "20330815"
    },
    {
      "loanId": 11740,
      "dueDt": "20330915",
      "paidDt": null,
      "principalAmt": 5091.8,
      "interestDue": null,
      "penalDueAmount": null,
      "principalPaid": null,
      "interestPaid": null,
      "penalPaid": null,
      "expectedPrincipal": 679362.61,
      "status": 1,
      "installmentAmt": 11365.97,
      "projectedIntAmt": 6274.17,
      "originalDueDt": "20330915"
    },
    {
      "loanId": 11740,
      "dueDt": "20331015",
      "paidDt": null,
      "principalAmt": 5138.48,
      "interestDue": null,
      "penalDueAmount": null,
      "principalPaid": null,
      "interestPaid": null,
      "penalPaid": null,
      "expectedPrincipal": 674224.13,
      "status": 1,
      "installmentAmt": 11365.97,
      "projectedIntAmt": 6227.49,
      "originalDueDt": "20331015"
    },
    {
      "loanId": 11740,
      "dueDt": "20331115",
      "paidDt": null,
      "principalAmt": 5185.58,
      "interestDue": null,
      "penalDueAmount": null,
      "principalPaid": null,
      "interestPaid": null,
      "penalPaid": null,
      "expectedPrincipal": 669038.55,
      "status": 1,
      "installmentAmt": 11365.97,
      "projectedIntAmt": 6180.39,
      "originalDueDt": "20331115"
    },
    {
      "loanId": 11740,
      "dueDt": "20331215",
      "paidDt": null,
      "principalAmt": 5233.12,
      "interestDue": null,
      "penalDueAmount": null,
      "principalPaid": null,
      "interestPaid": null,
      "penalPaid": null,
      "expectedPrincipal": 663805.43,
      "status": 1,
      "installmentAmt": 11365.97,
      "projectedIntAmt": 6132.85,
      "originalDueDt": "20331215"
    },
    {
      "loanId": 11740,
      "dueDt": "20340115",
      "paidDt": null,
      "principalAmt": 5281.09,
      "interestDue": null,
      "penalDueAmount": null,
      "principalPaid": null,
      "interestPaid": null,
      "penalPaid": null,
      "expectedPrincipal": 658524.34,
      "status": 1,
      "installmentAmt": 11365.97,
      "projectedIntAmt": 6084.88,
      "originalDueDt": "20340115"
    },
    {
      "loanId": 11740,
      "dueDt": "20340215",
      "paidDt": null,
      "principalAmt": 5329.5,
      "interestDue": null,
      "penalDueAmount": null,
      "principalPaid": null,
      "interestPaid": null,
      "penalPaid": null,
      "expectedPrincipal": 653194.84,
      "status": 1,
      "installmentAmt": 11365.97,
      "projectedIntAmt": 6036.47,
      "originalDueDt": "20340215"
    },
    {
      "loanId": 11740,
      "dueDt": "20340315",
      "paidDt": null,
      "principalAmt": 5378.35,
      "interestDue": null,
      "penalDueAmount": null,
      "principalPaid": null,
      "interestPaid": null,
      "penalPaid": null,
      "expectedPrincipal": 647816.49,
      "status": 1,
      "installmentAmt": 11365.97,
      "projectedIntAmt": 5987.62,
      "originalDueDt": "20340315"
    },
    {
      "loanId": 11740,
      "dueDt": "20340415",
      "paidDt": null,
      "principalAmt": 5427.65,
      "interestDue": null,
      "penalDueAmount": null,
      "principalPaid": null,
      "interestPaid": null,
      "penalPaid": null,
      "expectedPrincipal": 642388.84,
      "status": 1,
      "installmentAmt": 11365.97,
      "projectedIntAmt": 5938.32,
      "originalDueDt": "20340415"
    },
    {
      "loanId": 11740,
      "dueDt": "20340515",
      "paidDt": null,
      "principalAmt": 5477.41,
      "interestDue": null,
      "penalDueAmount": null,
      "principalPaid": null,
      "interestPaid": null,
      "penalPaid": null,
      "expectedPrincipal": 636911.43,
      "status": 1,
      "installmentAmt": 11365.97,
      "projectedIntAmt": 5888.56,
      "originalDueDt": "20340515"
    },
    {
      "loanId": 11740,
      "dueDt": "20340615",
      "paidDt": null,
      "principalAmt": 5527.62,
      "interestDue": null,
      "penalDueAmount": null,
      "principalPaid": null,
      "interestPaid": null,
      "penalPaid": null,
      "expectedPrincipal": 631383.81,
      "status": 1,
      "installmentAmt": 11365.97,
      "projectedIntAmt": 5838.35,
      "originalDueDt": "20340615"
    },
    {
      "loanId": 11740,
      "dueDt": "20340715",
      "paidDt": null,
      "principalAmt": 5578.29,
      "interestDue": null,
      "penalDueAmount": null,
      "principalPaid": null,
      "interestPaid": null,
      "penalPaid": null,
      "expectedPrincipal": 625805.52,
      "status": 1,
      "installmentAmt": 11365.97,
      "projectedIntAmt": 5787.68,
      "originalDueDt": "20340715"
    },
    {
      "loanId": 11740,
      "dueDt": "20340815",
      "paidDt": null,
      "principalAmt": 5629.42,
      "interestDue": null,
      "penalDueAmount": null,
      "principalPaid": null,
      "interestPaid": null,
      "penalPaid": null,
      "expectedPrincipal": 620176.1,
      "status": 1,
      "installmentAmt": 11365.97,
      "projectedIntAmt": 5736.55,
      "originalDueDt": "20340815"
    },
    {
      "loanId": 11740,
      "dueDt": "20340915",
      "paidDt": null,
      "principalAmt": 5681.02,
      "interestDue": null,
      "penalDueAmount": null,
      "principalPaid": null,
      "interestPaid": null,
      "penalPaid": null,
      "expectedPrincipal": 614495.08,
      "status": 1,
      "installmentAmt": 11365.97,
      "projectedIntAmt": 5684.95,
      "originalDueDt": "20340915"
    },
    {
      "loanId": 11740,
      "dueDt": "20341015",
      "paidDt": null,
      "principalAmt": 5733.1,
      "interestDue": null,
      "penalDueAmount": null,
      "principalPaid": null,
      "interestPaid": null,
      "penalPaid": null,
      "expectedPrincipal": 608761.98,
      "status": 1,
      "installmentAmt": 11365.97,
      "projectedIntAmt": 5632.87,
      "originalDueDt": "20341015"
    },
    {
      "loanId": 11740,
      "dueDt": "20341115",
      "paidDt": null,
      "principalAmt": 5785.65,
      "interestDue": null,
      "penalDueAmount": null,
      "principalPaid": null,
      "interestPaid": null,
      "penalPaid": null,
      "expectedPrincipal": 602976.33,
      "status": 1,
      "installmentAmt": 11365.97,
      "projectedIntAmt": 5580.32,
      "originalDueDt": "20341115"
    },
    {
      "loanId": 11740,
      "dueDt": "20341215",
      "paidDt": null,
      "principalAmt": 5838.69,
      "interestDue": null,
      "penalDueAmount": null,
      "principalPaid": null,
      "interestPaid": null,
      "penalPaid": null,
      "expectedPrincipal": 597137.64,
      "status": 1,
      "installmentAmt": 11365.97,
      "projectedIntAmt": 5527.28,
      "originalDueDt": "20341215"
    },
    {
      "loanId": 11740,
      "dueDt": "20350115",
      "paidDt": null,
      "principalAmt": 5892.21,
      "interestDue": null,
      "penalDueAmount": null,
      "principalPaid": null,
      "interestPaid": null,
      "penalPaid": null,
      "expectedPrincipal": 591245.43,
      "status": 1,
      "installmentAmt": 11365.97,
      "projectedIntAmt": 5473.76,
      "originalDueDt": "20350115"
    },
    {
      "loanId": 11740,
      "dueDt": "20350215",
      "paidDt": null,
      "principalAmt": 5946.22,
      "interestDue": null,
      "penalDueAmount": null,
      "principalPaid": null,
      "interestPaid": null,
      "penalPaid": null,
      "expectedPrincipal": 585299.21,
      "status": 1,
      "installmentAmt": 11365.97,
      "projectedIntAmt": 5419.75,
      "originalDueDt": "20350215"
    },
    {
      "loanId": 11740,
      "dueDt": "20350315",
      "paidDt": null,
      "principalAmt": 6000.73,
      "interestDue": null,
      "penalDueAmount": null,
      "principalPaid": null,
      "interestPaid": null,
      "penalPaid": null,
      "expectedPrincipal": 579298.48,
      "status": 1,
      "installmentAmt": 11365.97,
      "projectedIntAmt": 5365.24,
      "originalDueDt": "20350315"
    },
    {
      "loanId": 11740,
      "dueDt": "20350415",
      "paidDt": null,
      "principalAmt": 6055.73,
      "interestDue": null,
      "penalDueAmount": null,
      "principalPaid": null,
      "interestPaid": null,
      "penalPaid": null,
      "expectedPrincipal": 573242.75,
      "status": 1,
      "installmentAmt": 11365.97,
      "projectedIntAmt": 5310.24,
      "originalDueDt": "20350415"
    },
    {
      "loanId": 11740,
      "dueDt": "20350515",
      "paidDt": null,
      "principalAmt": 6111.24,
      "interestDue": null,
      "penalDueAmount": null,
      "principalPaid": null,
      "interestPaid": null,
      "penalPaid": null,
      "expectedPrincipal": 567131.51,
      "status": 1,
      "installmentAmt": 11365.97,
      "projectedIntAmt": 5254.73,
      "originalDueDt": "20350515"
    },
    {
      "loanId": 11740,
      "dueDt": "20350615",
      "paidDt": null,
      "principalAmt": 6167.26,
      "interestDue": null,
      "penalDueAmount": null,
      "principalPaid": null,
      "interestPaid": null,
      "penalPaid": null,
      "expectedPrincipal": 560964.25,
      "status": 1,
      "installmentAmt": 11365.97,
      "projectedIntAmt": 5198.71,
      "originalDueDt": "20350615"
    },
    {
      "loanId": 11740,
      "dueDt": "20350715",
      "paidDt": null,
      "principalAmt": 6223.8,
      "interestDue": null,
      "penalDueAmount": null,
      "principalPaid": null,
      "interestPaid": null,
      "penalPaid": null,
      "expectedPrincipal": 554740.45,
      "status": 1,
      "installmentAmt": 11365.97,
      "projectedIntAmt": 5142.17,
      "originalDueDt": "20350715"
    },
    {
      "loanId": 11740,
      "dueDt": "20350815",
      "paidDt": null,
      "principalAmt": 6280.85,
      "interestDue": null,
      "penalDueAmount": null,
      "principalPaid": null,
      "interestPaid": null,
      "penalPaid": null,
      "expectedPrincipal": 548459.6,
      "status": 1,
      "installmentAmt": 11365.97,
      "projectedIntAmt": 5085.12,
      "originalDueDt": "20350815"
    },
    {
      "loanId": 11740,
      "dueDt": "20350915",
      "paidDt": null,
      "principalAmt": 6338.42,
      "interestDue": null,
      "penalDueAmount": null,
      "principalPaid": null,
      "interestPaid": null,
      "penalPaid": null,
      "expectedPrincipal": 542121.18,
      "status": 1,
      "installmentAmt": 11365.97,
      "projectedIntAmt": 5027.55,
      "originalDueDt": "20350915"
    },
    {
      "loanId": 11740,
      "dueDt": "20351015",
      "paidDt": null,
      "principalAmt": 6396.53,
      "interestDue": null,
      "penalDueAmount": null,
      "principalPaid": null,
      "interestPaid": null,
      "penalPaid": null,
      "expectedPrincipal": 535724.65,
      "status": 1,
      "installmentAmt": 11365.97,
      "projectedIntAmt": 4969.44,
      "originalDueDt": "20351015"
    },
    {
      "loanId": 11740,
      "dueDt": "20351115",
      "paidDt": null,
      "principalAmt": 6455.16,
      "interestDue": null,
      "penalDueAmount": null,
      "principalPaid": null,
      "interestPaid": null,
      "penalPaid": null,
      "expectedPrincipal": 529269.49,
      "status": 1,
      "installmentAmt": 11365.97,
      "projectedIntAmt": 4910.81,
      "originalDueDt": "20351115"
    },
    {
      "loanId": 11740,
      "dueDt": "20351215",
      "paidDt": null,
      "principalAmt": 6514.33,
      "interestDue": null,
      "penalDueAmount": null,
      "principalPaid": null,
      "interestPaid": null,
      "penalPaid": null,
      "expectedPrincipal": 522755.16,
      "status": 1,
      "installmentAmt": 11365.97,
      "projectedIntAmt": 4851.64,
      "originalDueDt": "20351215"
    },
    {
      "loanId": 11740,
      "dueDt": "20360115",
      "paidDt": null,
      "principalAmt": 6574.05,
      "interestDue": null,
      "penalDueAmount": null,
      "principalPaid": null,
      "interestPaid": null,
      "penalPaid": null,
      "expectedPrincipal": 516181.11,
      "status": 1,
      "installmentAmt": 11365.97,
      "projectedIntAmt": 4791.92,
      "originalDueDt": "20360115"
    },
    {
      "loanId": 11740,
      "dueDt": "20360215",
      "paidDt": null,
      "principalAmt": 6634.31,
      "interestDue": null,
      "penalDueAmount": null,
      "principalPaid": null,
      "interestPaid": null,
      "penalPaid": null,
      "expectedPrincipal": 509546.8,
      "status": 1,
      "installmentAmt": 11365.97,
      "projectedIntAmt": 4731.66,
      "originalDueDt": "20360215"
    },
    {
      "loanId": 11740,
      "dueDt": "20360315",
      "paidDt": null,
      "principalAmt": 6695.12,
      "interestDue": null,
      "penalDueAmount": null,
      "principalPaid": null,
      "interestPaid": null,
      "penalPaid": null,
      "expectedPrincipal": 502851.68,
      "status": 1,
      "installmentAmt": 11365.97,
      "projectedIntAmt": 4670.85,
      "originalDueDt": "20360315"
    },
    {
      "loanId": 11740,
      "dueDt": "20360415",
      "paidDt": null,
      "principalAmt": 6756.5,
      "interestDue": null,
      "penalDueAmount": null,
      "principalPaid": null,
      "interestPaid": null,
      "penalPaid": null,
      "expectedPrincipal": 496095.18,
      "status": 1,
      "installmentAmt": 11365.97,
      "projectedIntAmt": 4609.47,
      "originalDueDt": "20360415"
    },
    {
      "loanId": 11740,
      "dueDt": "20360515",
      "paidDt": null,
      "principalAmt": 6818.43,
      "interestDue": null,
      "penalDueAmount": null,
      "principalPaid": null,
      "interestPaid": null,
      "penalPaid": null,
      "expectedPrincipal": 489276.75,
      "status": 1,
      "installmentAmt": 11365.97,
      "projectedIntAmt": 4547.54,
      "originalDueDt": "20360515"
    },
    {
      "loanId": 11740,
      "dueDt": "20360615",
      "paidDt": null,
      "principalAmt": 6880.93,
      "interestDue": null,
      "penalDueAmount": null,
      "principalPaid": null,
      "interestPaid": null,
      "penalPaid": null,
      "expectedPrincipal": 482395.82,
      "status": 1,
      "installmentAmt": 11365.97,
      "projectedIntAmt": 4485.04,
      "originalDueDt": "20360615"
    },
    {
      "loanId": 11740,
      "dueDt": "20360715",
      "paidDt": null,
      "principalAmt": 6944.01,
      "interestDue": null,
      "penalDueAmount": null,
      "principalPaid": null,
      "interestPaid": null,
      "penalPaid": null,
      "expectedPrincipal": 475451.81,
      "status": 1,
      "installmentAmt": 11365.97,
      "projectedIntAmt": 4421.96,
      "originalDueDt": "20360715"
    },
    {
      "loanId": 11740,
      "dueDt": "20360815",
      "paidDt": null,
      "principalAmt": 7007.66,
      "interestDue": null,
      "penalDueAmount": null,
      "principalPaid": null,
      "interestPaid": null,
      "penalPaid": null,
      "expectedPrincipal": 468444.15,
      "status": 1,
      "installmentAmt": 11365.97,
      "projectedIntAmt": 4358.31,
      "originalDueDt": "20360815"
    },
    {
      "loanId": 11740,
      "dueDt": "20360915",
      "paidDt": null,
      "principalAmt": 7071.9,
      "interestDue": null,
      "penalDueAmount": null,
      "principalPaid": null,
      "interestPaid": null,
      "penalPaid": null,
      "expectedPrincipal": 461372.25,
      "status": 1,
      "installmentAmt": 11365.97,
      "projectedIntAmt": 4294.07,
      "originalDueDt": "20360915"
    },
    {
      "loanId": 11740,
      "dueDt": "20361015",
      "paidDt": null,
      "principalAmt": 7136.72,
      "interestDue": null,
      "penalDueAmount": null,
      "principalPaid": null,
      "interestPaid": null,
      "penalPaid": null,
      "expectedPrincipal": 454235.53,
      "status": 1,
      "installmentAmt": 11365.97,
      "projectedIntAmt": 4229.25,
      "originalDueDt": "20361015"
    },
    {
      "loanId": 11740,
      "dueDt": "20361115",
      "paidDt": null,
      "principalAmt": 7202.14,
      "interestDue": null,
      "penalDueAmount": null,
      "principalPaid": null,
      "interestPaid": null,
      "penalPaid": null,
      "expectedPrincipal": 447033.39,
      "status": 1,
      "installmentAmt": 11365.97,
      "projectedIntAmt": 4163.83,
      "originalDueDt": "20361115"
    },
    {
      "loanId": 11740,
      "dueDt": "20361215",
      "paidDt": null,
      "principalAmt": 7268.16,
      "interestDue": null,
      "penalDueAmount": null,
      "principalPaid": null,
      "interestPaid": null,
      "penalPaid": null,
      "expectedPrincipal": 439765.23,
      "status": 1,
      "installmentAmt": 11365.97,
      "projectedIntAmt": 4097.81,
      "originalDueDt": "20361215"
    },
    {
      "loanId": 11740,
      "dueDt": "20370115",
      "paidDt": null,
      "principalAmt": 7334.79,
      "interestDue": null,
      "penalDueAmount": null,
      "principalPaid": null,
      "interestPaid": null,
      "penalPaid": null,
      "expectedPrincipal": 432430.44,
      "status": 1,
      "installmentAmt": 11365.97,
      "projectedIntAmt": 4031.18,
      "originalDueDt": "20370115"
    },
    {
      "loanId": 11740,
      "dueDt": "20370215",
      "paidDt": null,
      "principalAmt": 7402.02,
      "interestDue": null,
      "penalDueAmount": null,
      "principalPaid": null,
      "interestPaid": null,
      "penalPaid": null,
      "expectedPrincipal": 425028.42,
      "status": 1,
      "installmentAmt": 11365.97,
      "projectedIntAmt": 3963.95,
      "originalDueDt": "20370215"
    },
    {
      "loanId": 11740,
      "dueDt": "20370315",
      "paidDt": null,
      "principalAmt": 7469.88,
      "interestDue": null,
      "penalDueAmount": null,
      "principalPaid": null,
      "interestPaid": null,
      "penalPaid": null,
      "expectedPrincipal": 417558.54,
      "status": 1,
      "installmentAmt": 11365.97,
      "projectedIntAmt": 3896.09,
      "originalDueDt": "20370315"
    },
    {
      "loanId": 11740,
      "dueDt": "20370415",
      "paidDt": null,
      "principalAmt": 7538.35,
      "interestDue": null,
      "penalDueAmount": null,
      "principalPaid": null,
      "interestPaid": null,
      "penalPaid": null,
      "expectedPrincipal": 410020.19,
      "status": 1,
      "installmentAmt": 11365.97,
      "projectedIntAmt": 3827.62,
      "originalDueDt": "20370415"
    },
    {
      "loanId": 11740,
      "dueDt": "20370515",
      "paidDt": null,
      "principalAmt": 7607.45,
      "interestDue": null,
      "penalDueAmount": null,
      "principalPaid": null,
      "interestPaid": null,
      "penalPaid": null,
      "expectedPrincipal": 402412.74,
      "status": 1,
      "installmentAmt": 11365.97,
      "projectedIntAmt": 3758.52,
      "originalDueDt": "20370515"
    },
    {
      "loanId": 11740,
      "dueDt": "20370615",
      "paidDt": null,
      "principalAmt": 7677.19,
      "interestDue": null,
      "penalDueAmount": null,
      "principalPaid": null,
      "interestPaid": null,
      "penalPaid": null,
      "expectedPrincipal": 394735.55,
      "status": 1,
      "installmentAmt": 11365.97,
      "projectedIntAmt": 3688.78,
      "originalDueDt": "20370615"
    },
    {
      "loanId": 11740,
      "dueDt": "20370715",
      "paidDt": null,
      "principalAmt": 7747.56,
      "interestDue": null,
      "penalDueAmount": null,
      "principalPaid": null,
      "interestPaid": null,
      "penalPaid": null,
      "expectedPrincipal": 386987.99,
      "status": 1,
      "installmentAmt": 11365.97,
      "projectedIntAmt": 3618.41,
      "originalDueDt": "20370715"
    },
    {
      "loanId": 11740,
      "dueDt": "20370815",
      "paidDt": null,
      "principalAmt": 7818.58,
      "interestDue": null,
      "penalDueAmount": null,
      "principalPaid": null,
      "interestPaid": null,
      "penalPaid": null,
      "expectedPrincipal": 379169.41,
      "status": 1,
      "installmentAmt": 11365.97,
      "projectedIntAmt": 3547.39,
      "originalDueDt": "20370815"
    },
    {
      "loanId": 11740,
      "dueDt": "20370915",
      "paidDt": null,
      "principalAmt": 7890.25,
      "interestDue": null,
      "penalDueAmount": null,
      "principalPaid": null,
      "interestPaid": null,
      "penalPaid": null,
      "expectedPrincipal": 371279.16,
      "status": 1,
      "installmentAmt": 11365.97,
      "projectedIntAmt": 3475.72,
      "originalDueDt": "20370915"
    },
    {
      "loanId": 11740,
      "dueDt": "20371015",
      "paidDt": null,
      "principalAmt": 7962.58,
      "interestDue": null,
      "penalDueAmount": null,
      "principalPaid": null,
      "interestPaid": null,
      "penalPaid": null,
      "expectedPrincipal": 363316.58,
      "status": 1,
      "installmentAmt": 11365.97,
      "projectedIntAmt": 3403.39,
      "originalDueDt": "20371015"
    },
    {
      "loanId": 11740,
      "dueDt": "20371115",
      "paidDt": null,
      "principalAmt": 8035.57,
      "interestDue": null,
      "penalDueAmount": null,
      "principalPaid": null,
      "interestPaid": null,
      "penalPaid": null,
      "expectedPrincipal": 355281.01,
      "status": 1,
      "installmentAmt": 11365.97,
      "projectedIntAmt": 3330.4,
      "originalDueDt": "20371115"
    },
    {
      "loanId": 11740,
      "dueDt": "20371215",
      "paidDt": null,
      "principalAmt": 8109.23,
      "interestDue": null,
      "penalDueAmount": null,
      "principalPaid": null,
      "interestPaid": null,
      "penalPaid": null,
      "expectedPrincipal": 347171.78,
      "status": 1,
      "installmentAmt": 11365.97,
      "projectedIntAmt": 3256.74,
      "originalDueDt": "20371215"
    },
    {
      "loanId": 11740,
      "dueDt": "20380115",
      "paidDt": null,
      "principalAmt": 8183.56,
      "interestDue": null,
      "penalDueAmount": null,
      "principalPaid": null,
      "interestPaid": null,
      "penalPaid": null,
      "expectedPrincipal": 338988.22,
      "status": 1,
      "installmentAmt": 11365.97,
      "projectedIntAmt": 3182.41,
      "originalDueDt": "20380115"
    },
    {
      "loanId": 11740,
      "dueDt": "20380215",
      "paidDt": null,
      "principalAmt": 8258.58,
      "interestDue": null,
      "penalDueAmount": null,
      "principalPaid": null,
      "interestPaid": null,
      "penalPaid": null,
      "expectedPrincipal": 330729.64,
      "status": 1,
      "installmentAmt": 11365.97,
      "projectedIntAmt": 3107.39,
      "originalDueDt": "20380215"
    },
    {
      "loanId": 11740,
      "dueDt": "20380315",
      "paidDt": null,
      "principalAmt": 8334.28,
      "interestDue": null,
      "penalDueAmount": null,
      "principalPaid": null,
      "interestPaid": null,
      "penalPaid": null,
      "expectedPrincipal": 322395.36,
      "status": 1,
      "installmentAmt": 11365.97,
      "projectedIntAmt": 3031.69,
      "originalDueDt": "20380315"
    },
    {
      "loanId": 11740,
      "dueDt": "20380415",
      "paidDt": null,
      "principalAmt": 8410.68,
      "interestDue": null,
      "penalDueAmount": null,
      "principalPaid": null,
      "interestPaid": null,
      "penalPaid": null,
      "expectedPrincipal": 313984.68,
      "status": 1,
      "installmentAmt": 11365.97,
      "projectedIntAmt": 2955.29,
      "originalDueDt": "20380415"
    },
    {
      "loanId": 11740,
      "dueDt": "20380515",
      "paidDt": null,
      "principalAmt": 8487.78,
      "interestDue": null,
      "penalDueAmount": null,
      "principalPaid": null,
      "interestPaid": null,
      "penalPaid": null,
      "expectedPrincipal": 305496.9,
      "status": 1,
      "installmentAmt": 11365.97,
      "projectedIntAmt": 2878.19,
      "originalDueDt": "20380515"
    },
    {
      "loanId": 11740,
      "dueDt": "20380615",
      "paidDt": null,
      "principalAmt": 8565.58,
      "interestDue": null,
      "penalDueAmount": null,
      "principalPaid": null,
      "interestPaid": null,
      "penalPaid": null,
      "expectedPrincipal": 296931.32,
      "status": 1,
      "installmentAmt": 11365.97,
      "projectedIntAmt": 2800.39,
      "originalDueDt": "20380615"
    },
    {
      "loanId": 11740,
      "dueDt": "20380715",
      "paidDt": null,
      "principalAmt": 8644.1,
      "interestDue": null,
      "penalDueAmount": null,
      "principalPaid": null,
      "interestPaid": null,
      "penalPaid": null,
      "expectedPrincipal": 288287.22,
      "status": 1,
      "installmentAmt": 11365.97,
      "projectedIntAmt": 2721.87,
      "originalDueDt": "20380715"
    },
    {
      "loanId": 11740,
      "dueDt": "20380815",
      "paidDt": null,
      "principalAmt": 8723.34,
      "interestDue": null,
      "penalDueAmount": null,
      "principalPaid": null,
      "interestPaid": null,
      "penalPaid": null,
      "expectedPrincipal": 279563.88,
      "status": 1,
      "installmentAmt": 11365.97,
      "projectedIntAmt": 2642.63,
      "originalDueDt": "20380815"
    },
    {
      "loanId": 11740,
      "dueDt": "20380915",
      "paidDt": null,
      "principalAmt": 8803.3,
      "interestDue": null,
      "penalDueAmount": null,
      "principalPaid": null,
      "interestPaid": null,
      "penalPaid": null,
      "expectedPrincipal": 270760.58,
      "status": 1,
      "installmentAmt": 11365.97,
      "projectedIntAmt": 2562.67,
      "originalDueDt": "20380915"
    },
    {
      "loanId": 11740,
      "dueDt": "20381015",
      "paidDt": null,
      "principalAmt": 8884.0,
      "interestDue": null,
      "penalDueAmount": null,
      "principalPaid": null,
      "interestPaid": null,
      "penalPaid": null,
      "expectedPrincipal": 261876.58,
      "status": 1,
      "installmentAmt": 11365.97,
      "projectedIntAmt": 2481.97,
      "originalDueDt": "20381015"
    },
    {
      "loanId": 11740,
      "dueDt": "20381115",
      "paidDt": null,
      "principalAmt": 8965.43,
      "interestDue": null,
      "penalDueAmount": null,
      "principalPaid": null,
      "interestPaid": null,
      "penalPaid": null,
      "expectedPrincipal": 252911.15,
      "status": 1,
      "installmentAmt": 11365.97,
      "projectedIntAmt": 2400.54,
      "originalDueDt": "20381115"
    },
    {
      "loanId": 11740,
      "dueDt": "20381215",
      "paidDt": null,
      "principalAmt": 9047.62,
      "interestDue": null,
      "penalDueAmount": null,
      "principalPaid": null,
      "interestPaid": null,
      "penalPaid": null,
      "expectedPrincipal": 243863.53,
      "status": 1,
      "installmentAmt": 11365.97,
      "projectedIntAmt": 2318.35,
      "originalDueDt": "20381215"
    },
    {
      "loanId": 11740,
      "dueDt": "20390115",
      "paidDt": null,
      "principalAmt": 9130.55,
      "interestDue": null,
      "penalDueAmount": null,
      "principalPaid": null,
      "interestPaid": null,
      "penalPaid": null,
      "expectedPrincipal": 234732.98,
      "status": 1,
      "installmentAmt": 11365.97,
      "projectedIntAmt": 2235.42,
      "originalDueDt": "20390115"
    },
    {
      "loanId": 11740,
      "dueDt": "20390215",
      "paidDt": null,
      "principalAmt": 9214.25,
      "interestDue": null,
      "penalDueAmount": null,
      "principalPaid": null,
      "interestPaid": null,
      "penalPaid": null,
      "expectedPrincipal": 225518.73,
      "status": 1,
      "installmentAmt": 11365.97,
      "projectedIntAmt": 2151.72,
      "originalDueDt": "20390215"
    },
    {
      "loanId": 11740,
      "dueDt": "20390315",
      "paidDt": null,
      "principalAmt": 9298.71,
      "interestDue": null,
      "penalDueAmount": null,
      "principalPaid": null,
      "interestPaid": null,
      "penalPaid": null,
      "expectedPrincipal": 216220.02,
      "status": 1,
      "installmentAmt": 11365.97,
      "projectedIntAmt": 2067.26,
      "originalDueDt": "20390315"
    },
    {
      "loanId": 11740,
      "dueDt": "20390415",
      "paidDt": null,
      "principalAmt": 9383.95,
      "interestDue": null,
      "penalDueAmount": null,
      "principalPaid": null,
      "interestPaid": null,
      "penalPaid": null,
      "expectedPrincipal": 206836.07,
      "status": 1,
      "installmentAmt": 11365.97,
      "projectedIntAmt": 1982.02,
      "originalDueDt": "20390415"
    },
    {
      "loanId": 11740,
      "dueDt": "20390515",
      "paidDt": null,
      "principalAmt": 9469.97,
      "interestDue": null,
      "penalDueAmount": null,
      "principalPaid": null,
      "interestPaid": null,
      "penalPaid": null,
      "expectedPrincipal": 197366.1,
      "status": 1,
      "installmentAmt": 11365.97,
      "projectedIntAmt": 1896.0,
      "originalDueDt": "20390515"
    },
    {
      "loanId": 11740,
      "dueDt": "20390615",
      "paidDt": null,
      "principalAmt": 9556.78,
      "interestDue": null,
      "penalDueAmount": null,
      "principalPaid": null,
      "interestPaid": null,
      "penalPaid": null,
      "expectedPrincipal": 187809.32,
      "status": 1,
      "installmentAmt": 11365.97,
      "projectedIntAmt": 1809.19,
      "originalDueDt": "20390615"
    },
    {
      "loanId": 11740,
      "dueDt": "20390715",
      "paidDt": null,
      "principalAmt": 9644.38,
      "interestDue": null,
      "penalDueAmount": null,
      "principalPaid": null,
      "interestPaid": null,
      "penalPaid": null,
      "expectedPrincipal": 178164.94,
      "status": 1,
      "installmentAmt": 11365.97,
      "projectedIntAmt": 1721.59,
      "originalDueDt": "20390715"
    },
    {
      "loanId": 11740,
      "dueDt": "20390815",
      "paidDt": null,
      "principalAmt": 9732.79,
      "interestDue": null,
      "penalDueAmount": null,
      "principalPaid": null,
      "interestPaid": null,
      "penalPaid": null,
      "expectedPrincipal": 168432.15,
      "status": 1,
      "installmentAmt": 11365.97,
      "projectedIntAmt": 1633.18,
      "originalDueDt": "20390815"
    },
    {
      "loanId": 11740,
      "dueDt": "20390915",
      "paidDt": null,
      "principalAmt": 9822.01,
      "interestDue": null,
      "penalDueAmount": null,
      "principalPaid": null,
      "interestPaid": null,
      "penalPaid": null,
      "expectedPrincipal": 158610.14,
      "status": 1,
      "installmentAmt": 11365.97,
      "projectedIntAmt": 1543.96,
      "originalDueDt": "20390915"
    },
    {
      "loanId": 11740,
      "dueDt": "20391015",
      "paidDt": null,
      "principalAmt": 9912.04,
      "interestDue": null,
      "penalDueAmount": null,
      "principalPaid": null,
      "interestPaid": null,
      "penalPaid": null,
      "expectedPrincipal": 148698.1,
      "status": 1,
      "installmentAmt": 11365.97,
      "projectedIntAmt": 1453.93,
      "originalDueDt": "20391015"
    },
    {
      "loanId": 11740,
      "dueDt": "20391115",
      "paidDt": null,
      "principalAmt": 10002.9,
      "interestDue": null,
      "penalDueAmount": null,
      "principalPaid": null,
      "interestPaid": null,
      "penalPaid": null,
      "expectedPrincipal": 138695.2,
      "status": 1,
      "installmentAmt": 11365.97,
      "projectedIntAmt": 1363.07,
      "originalDueDt": "20391115"
    },
    {
      "loanId": 11740,
      "dueDt": "20391215",
      "paidDt": null,
      "principalAmt": 10094.6,
      "interestDue": null,
      "penalDueAmount": null,
      "principalPaid": null,
      "interestPaid": null,
      "penalPaid": null,
      "expectedPrincipal": 128600.6,
      "status": 1,
      "installmentAmt": 11365.97,
      "projectedIntAmt": 1271.37,
      "originalDueDt": "20391215"
    },
    {
      "loanId": 11740,
      "dueDt": "20400115",
      "paidDt": null,
      "principalAmt": 10187.13,
      "interestDue": null,
      "penalDueAmount": null,
      "principalPaid": null,
      "interestPaid": null,
      "penalPaid": null,
      "expectedPrincipal": 118413.47,
      "status": 1,
      "installmentAmt": 11365.97,
      "projectedIntAmt": 1178.84,
      "originalDueDt": "20400115"
    },
    {
      "loanId": 11740,
      "dueDt": "20400215",
      "paidDt": null,
      "principalAmt": 10280.51,
      "interestDue": null,
      "penalDueAmount": null,
      "principalPaid": null,
      "interestPaid": null,
      "penalPaid": null,
      "expectedPrincipal": 108132.96,
      "status": 1,
      "installmentAmt": 11365.97,
      "projectedIntAmt": 1085.46,
      "originalDueDt": "20400215"
    },
    {
      "loanId": 11740,
      "dueDt": "20400315",
      "paidDt": null,
      "principalAmt": 10374.75,
      "interestDue": null,
      "penalDueAmount": null,
      "principalPaid": null,
      "interestPaid": null,
      "penalPaid": null,
      "expectedPrincipal": 97758.21,
      "status": 1,
      "installmentAmt": 11365.97,
      "projectedIntAmt": 991.22,
      "originalDueDt": "20400315"
    },
    {
      "loanId": 11740,
      "dueDt": "20400415",
      "paidDt": null,
      "principalAmt": 10469.85,
      "interestDue": null,
      "penalDueAmount": null,
      "principalPaid": null,
      "interestPaid": null,
      "penalPaid": null,
      "expectedPrincipal": 87288.36,
      "status": 1,
      "installmentAmt": 11365.97,
      "projectedIntAmt": 896.12,
      "originalDueDt": "20400415"
    },
    {
      "loanId": 11740,
      "dueDt": "20400515",
      "paidDt": null,
      "principalAmt": 10565.83,
      "interestDue": null,
      "penalDueAmount": null,
      "principalPaid": null,
      "interestPaid": null,
      "penalPaid": null,
      "expectedPrincipal": 76722.53,
      "status": 1,
      "installmentAmt": 11365.97,
      "projectedIntAmt": 800.14,
      "originalDueDt": "20400515"
    },
    {
      "loanId": 11740,
      "dueDt": "20400615",
      "paidDt": null,
      "principalAmt": 10662.68,
      "interestDue": null,
      "penalDueAmount": null,
      "principalPaid": null,
      "interestPaid": null,
      "penalPaid": null,
      "expectedPrincipal": 66059.85,
      "status": 1,
      "installmentAmt": 11365.97,
      "projectedIntAmt": 703.29,
      "originalDueDt": "20400615"
    },
    {
      "loanId": 11740,
      "dueDt": "20400715",
      "paidDt": null,
      "principalAmt": 10760.42,
      "interestDue": null,
      "penalDueAmount": null,
      "principalPaid": null,
      "interestPaid": null,
      "penalPaid": null,
      "expectedPrincipal": 55299.43,
      "status": 1,
      "installmentAmt": 11365.97,
      "projectedIntAmt": 605.55,
      "originalDueDt": "20400715"
    },
    {
      "loanId": 11740,
      "dueDt": "20400815",
      "paidDt": null,
      "principalAmt": 10859.06,
      "interestDue": null,
      "penalDueAmount": null,
      "principalPaid": null,
      "interestPaid": null,
      "penalPaid": null,
      "expectedPrincipal": 44440.37,
      "status": 1,
      "installmentAmt": 11365.97,
      "projectedIntAmt": 506.91,
      "originalDueDt": "20400815"
    },
    {
      "loanId": 11740,
      "dueDt": "20400915",
      "paidDt": null,
      "principalAmt": 10958.6,
      "interestDue": null,
      "penalDueAmount": null,
      "principalPaid": null,
      "interestPaid": null,
      "penalPaid": null,
      "expectedPrincipal": 33481.77,
      "status": 1,
      "installmentAmt": 11365.97,
      "projectedIntAmt": 407.37,
      "originalDueDt": "20400915"
    },
    {
      "loanId": 11740,
      "dueDt": "20401015",
      "paidDt": null,
      "principalAmt": 11059.05,
      "interestDue": null,
      "penalDueAmount": null,
      "principalPaid": null,
      "interestPaid": null,
      "penalPaid": null,
      "expectedPrincipal": 22422.72,
      "status": 1,
      "installmentAmt": 11365.97,
      "projectedIntAmt": 306.92,
      "originalDueDt": "20401015"
    },
    {
      "loanId": 11740,
      "dueDt": "20401115",
      "paidDt": null,
      "principalAmt": 11160.43,
      "interestDue": null,
      "penalDueAmount": null,
      "principalPaid": null,
      "interestPaid": null,
      "penalPaid": null,
      "expectedPrincipal": 11262.29,
      "status": 1,
      "installmentAmt": 11365.97,
      "projectedIntAmt": 205.54,
      "originalDueDt": "20401115"
    },
    {
      "loanId": 11740,
      "dueDt": "20401215",
      "paidDt": null,
      "principalAmt": 11262.29,
      "interestDue": null,
      "penalDueAmount": null,
      "principalPaid": null,
      "interestPaid": null,
      "penalPaid": null,
      "expectedPrincipal": 0.0,
      "status": 1,
      "installmentAmt": 11365.53,
      "projectedIntAmt": 103.24,
      "originalDueDt": "20401215"
    }
  ]
}
