{
  "pageSize": 50,
  "pageNum": 1,
  "noOfPages": 1,
  "totalNoOfRecords": 36,
  "hasNext": "N",
  "transactionHistory": [
    {
      "accountCurrency": "USD",
      "debitCreditFlag": 1,
      "movementAmount": 3200.0,
      "netBalance": 11200.0,
      "transactionDescription": "Salary Credit",
      "transactionDate": "20250901",
      "transactionId": 20250901001,
      "transactionType": 101,
      "valueDate": "20250901",
      "transactionRef": "SAL-20250901001",
      "entityCode": "GPRDTTSTOU",
      "chequeNumber": 0,
      "transactionDateTime": "20250901000000",
      "extensibilityMap": null
    },
    {
      "accountCurrency": "USD",
      "debitCreditFlag": 2,
      "movementAmount": 650.25,
      "netBalance": 10549.75,
      "transactionDescription": "Rent Payment",
      "transactionDate": "20250903",
      "transactionId": 20250901002,
      "transactionType": 401,
      "valueDate": "20250903",
      "transactionRef": "RENT-20250901002",
      "entityCode": "GPRDTTSTOU",
      "chequeNumber": 0,
      "transactionDateTime": "20250903000000",
      "extensibilityMap": null
    },
    {
      "accountCurrency": "USD",
      "debitCreditFlag": 2,
      "movementAmount": 89.99,
      "netBalance": 10459.76,
      "transactionDescription": "Amazon Purchase",
      "transactionDate": "20250905",
      "transactionId": 20250901003,
      "transactionType": 202,
      "valueDate": "20250905",
      "transactionRef": "AMZ-20250901003",
      "entityCode": "GPRDTTSTOU",
      "chequeNumber": 0,
      "transactionDateTime": "20250905000000",
      "extensibilityMap": null
    },
    {
      "accountCurrency": "USD",
      "debitCreditFlag": 2,
      "movementAmount": 42.8,
      "netBalance": 10416.96,
      "transactionDescription": "Groceries",
      "transactionDate": "20250907",
      "transactionId": 20250901004,
      "transactionType": 204,
      "valueDate": "20250907",
      "transactionRef": "GRC-20250901004",
      "entityCode": "GPRDTTSTOU",
      "chequeNumber": 0,
      "transactionDateTime": "20250907000000",
      "extensibilityMap": null
    },
    {
      "accountCurrency": "USD",
      "debitCreditFlag": 2,
      "movementAmount": 18.6,
      "netBalance": 10398.36,
      "transactionDescription": "Coffee Shop",
      "transactionDate": "20250909",
      "transactionId": 20250901005,
      "transactionType": 205,
      "valueDate": "20250909",
      "transactionRef": "CAF-20250901005",
      "entityCode": "GPRDTTSTOU",
      "chequeNumber": 0,
      "transactionDateTime": "20250909000000",
      "extensibilityMap": null
    },
    {
      "accountCurrency": "USD",
      "debitCreditFlag": 1,
      "movementAmount": 105.0,
      "netBalance": 10503.36,
      "transactionDescription": "Refund - Amazon",
      "transactionDate": "20250911",
      "transactionId": 20250901006,
      "transactionType": 301,
      "valueDate": "20250911",
      "transactionRef": "RFND-20250901006",
      "entityCode": "GPRDTTSTOU",
      "chequeNumber": 0,
      "transactionDateTime": "20250911000000",
      "extensibilityMap": null
    },
    {
      "accountCurrency": "USD",
      "debitCreditFlag": 2,
      "movementAmount": 73.4,
      "netBalance": 10429.96,
      "transactionDescription": "Uber Ride",
      "transactionDate": "20250913",
      "transactionId": 20250901007,
      "transactionType": 203,
      "valueDate": "20250913",
      "transactionRef": "UBR-20250901007",
      "entityCode": "GPRDTTSTOU",
      "chequeNumber": 0,
      "transactionDateTime": "20250913000000",
      "extensibilityMap": null
    },
    {
      "accountCurrency": "USD",
      "debitCreditFlag": 2,
      "movementAmount": 129.0,
      "netBalance": 10300.96,
      "transactionDescription": "Restaurant Dinner",
      "transactionDate": "20250915",
      "transactionId": 20250901008,
      "transactionType": 206,
      "valueDate": "20250915",
      "transactionRef": "RST-20250901008",
      "entityCode": "GPRDTTSTOU",
      "chequeNumber": 0,
      "transactionDateTime": "20250915000000",
      "extensibilityMap": null
    },
    {
      "accountCurrency": "USD",
      "debitCreditFlag": 2,
      "movementAmount": 55.0,
      "netBalance": 10245.96,
      "transactionDescription": "Streaming Subscription",
      "transactionDate": "20250917",
      "transactionId": 20250901009,
      "transactionType": 207,
      "valueDate": "20250917",
      "transactionRef": "SUB-20250901009",
      "entityCode": "GPRDTTSTOU",
      "chequeNumber": 0,
      "transactionDateTime": "20250917000000",
      "extensibilityMap": null
    },
    {
      "accountCurrency": "USD",
      "debitCreditFlag": 2,
      "movementAmount": 250.0,
      "netBalance": 9995.96,
      "transactionDescription": "Utility Bill",
      "transactionDate": "20250919",
      "transactionId": 20250901010,
      "transactionType": 402,
      "valueDate": "20250919",
      "transactionRef": "UTIL-20250901010",
      "entityCode": "GPRDTTSTOU",
      "chequeNumber": 0,
      "transactionDateTime": "20250919000000",
      "extensibilityMap": null
    },
    {
      "accountCurrency": "USD",
      "debitCreditFlag": 1,
      "movementAmount": 3200.0,
      "netBalance": 13195.96,
      "transactionDescription": "Salary Credit",
      "transactionDate": "20250921",
      "transactionId": 20250901011,
      "transactionType": 101,
      "valueDate": "20250921",
      "transactionRef": "SAL-20250901011",
      "entityCode": "GPRDTTSTOU",
      "chequeNumber": 0,
      "transactionDateTime": "20250921000000",
      "extensibilityMap": null
    },
    {
      "accountCurrency": "USD",
      "debitCreditFlag": 2,
      "movementAmount": 650.25,
      "netBalance": 12545.71,
      "transactionDescription": "Rent Payment",
      "transactionDate": "20250923",
      "transactionId": 20250901012,
      "transactionType": 401,
      "valueDate": "20250923",
      "transactionRef": "RENT-20250901012",
      "entityCode": "GPRDTTSTOU",
      "chequeNumber": 0,
      "transactionDateTime": "20250923000000",
      "extensibilityMap": null
    },
    {
      "accountCurrency": "USD",
      "debitCreditFlag": 2,
      "movementAmount": 89.99,
      "netBalance": 12455.72,
      "transactionDescription": "Amazon Purchase",
      "transactionDate": "20250925",
      "transactionId": 20250901013,
      "transactionType": 202,
      "valueDate": "20250925",
      "transactionRef": "AMZ-20250901013",
      "entityCode": "GPRDTTSTOU",
      "chequeNumber": 0,
      "transactionDateTime": "20250925000000",
      "extensibilityMap": null
    },
    {
      "accountCurrency": "USD",
      "debitCreditFlag": 2,
      "movementAmount": 42.8,
      "netBalance": 12412.92,
      "transactionDescription": "Groceries",
      "transactionDate": "20250927",
      "transactionId": 20250901014,
      "transactionType": 204,
      "valueDate": "20250927",
      "transactionRef": "GRC-20250901014",
      "entityCode": "GPRDTTSTOU",
      "chequeNumber": 0,
      "transactionDateTime": "20250927000000",
      "extensibilityMap": null
    },
    {
      "accountCurrency": "USD",
      "debitCreditFlag": 2,
      "movementAmount": 18.6,
      "netBalance": 12394.32,
      "transactionDescription": "Coffee Shop",
      "transactionDate": "20250929",
      "transactionId": 20250901015,
      "transactionType": 205,
      "valueDate": "20250929",
      "transactionRef": "CAF-20250901015",
      "entityCode": "GPRDTTSTOU",
      "chequeNumber": 0,
      "transactionDateTime": "20250929000000",
      "extensibilityMap": null
    },
    {
      "accountCurrency": "USD",
      "debitCreditFlag": 1,
      "movementAmount": 105.0,
      "netBalance": 12499.32,
      "transactionDescription": "Refund - Amazon",
      "transactionDate": "20251001",
      "transactionId": 20250901016,
      "transactionType": 301,
      "valueDate": "20251001",
      "transactionRef": "RFND-20250901016",
      "entityCode": "GPRDTTSTOU",
      "chequeNumber": 0,
      "transactionDateTime": "20251001000000",
      "extensibilityMap": null
    },
    {
      "accountCurrency": "USD",
      "debitCreditFlag": 2,
      "movementAmount": 73.4,
      "netBalance": 12425.92,
      "transactionDescription": "Uber Ride",
      "transactionDate": "20251003",
      "transactionId": 20250901017,
      "transactionType": 203,
      "valueDate": "20251003",
      "transactionRef": "UBR-20250901017",
      "entityCode": "GPRDTTSTOU",
      "chequeNumber": 0,
      "transactionDateTime": "20251003000000",
      "extensibilityMap": null
    },
    {
      "accountCurrency": "USD",
      "debitCreditFlag": 2,
      "movementAmount": 129.0,
      "netBalance": 12296.92,
      "transactionDescription": "Restaurant Dinner",
      "transactionDate": "20251005",
      "transactionId": 20250901018,
      "transactionType": 206,
      "valueDate": "20251005",
      "transactionRef": "RST-20250901018",
      "entityCode": "GPRDTTSTOU",
      "chequeNumber": 0,
      "transactionDateTime": "20251005000000",
      "extensibilityMap": null
    },
    {
      "accountCurrency": "USD",
      "debitCreditFlag": 2,
      "movementAmount": 55.0,
      "netBalance": 12241.92,
      "transactionDescription": "Streaming Subscription",
      "transactionDate": "20251007",
      "transactionId": 20250901019,
      "transactionType": 207,
      "valueDate": "20251007",
      "transactionRef": "SUB-20250901019",
      "entityCode": "GPRDTTSTOU",
      "chequeNumber": 0,
      "transactionDateTime": "20251007000000",
      "extensibilityMap": null
    },
    {
      "accountCurrency": "USD",
      "debitCreditFlag": 2,
      "movementAmount": 250.0,
      "netBalance": 11991.92,
      "transactionDescription": "Utility Bill",
      "transactionDate": "20251009",
      "transactionId": 20250901020,
      "transactionType": 402,
      "valueDate": "20251009",
      "transactionRef": "UTIL-20250901020",
      "entityCode": "GPRDTTSTOU",
      "chequeNumber": 0,
      "transactionDateTime": "20251009000000",
      "extensibilityMap": null
    },
    {
      "accountCurrency": "USD",
      "debitCreditFlag": 1,
      "movementAmount": 3200.0,
      "netBalance": 15191.92,
      "transactionDescription": "Salary Credit",
      "transactionDate": "20251011",
      "transactionId": 20250901021,
      "transactionType": 101,
      "valueDate": "20251011",
      "transactionRef": "SAL-20250901021",
      "entityCode": "GPRDTTSTOU",
      "chequeNumber": 0,
      "transactionDateTime": "20251011000000",
      "extensibilityMap": null
    },
    {
      "accountCurrency": "USD",
      "debitCreditFlag": 2,
      "movementAmount": 650.25,
      "netBalance": 14541.67,
      "transactionDescription": "Rent Payment",
      "transactionDate": "20251013",
      "transactionId": 20250901022,
      "transactionType": 401,
      "valueDate": "20251013",
      "transactionRef": "RENT-20250901022",
      "entityCode": "GPRDTTSTOU",
      "chequeNumber": 0,
      "transactionDateTime": "20251013000000",
      "extensibilityMap": null
    },
    {
      "accountCurrency": "USD",
      "debitCreditFlag": 2,
      "movementAmount": 89.99,
      "netBalance": 14451.68,
      "transactionDescription": "Amazon Purchase",
      "transactionDate": "20251015",
      "transactionId": 20250901023,
      "transactionType": 202,
      "valueDate": "20251015",
      "transactionRef": "AMZ-20250901023",
      "entityCode": "GPRDTTSTOU",
      "chequeNumber": 0,
      "transactionDateTime": "20251015000000",
      "extensibilityMap": null
    },
    {
      "accountCurrency": "USD",
      "debitCreditFlag": 2,
      "movementAmount": 42.8,
      "netBalance": 14408.88,
      "transactionDescription": "Groceries",
      "transactionDate": "20251017",
      "transactionId": 20250901024,
      "transactionType": 204,
      "valueDate": "20251017",
      "transactionRef": "GRC-20250901024",
      "entityCode": "GPRDTTSTOU",
      "chequeNumber": 0,
      "transactionDateTime": "20251017000000",
      "extensibilityMap": null
    },
    {
      "accountCurrency": "USD",
      "debitCreditFlag": 2,
      "movementAmount": 18.6,
      "netBalance": 14390.28,
      "transactionDescription": "Coffee Shop",
      "transactionDate": "20251019",
      "transactionId": 20250901025,
      "transactionType": 205,
      "valueDate": "20251019",
      "transactionRef": "CAF-20250901025",
      "entityCode": "GPRDTTSTOU",
      "chequeNumber": 0,
      "transactionDateTime": "20251019000000",
      "extensibilityMap": null
    },
    {
      "accountCurrency": "USD",
      "debitCreditFlag": 1,
      "movementAmount": 105.0,
      "netBalance": 14495.28,
      "transactionDescription": "Refund - Amazon",
      "transactionDate": "20251021",
      "transactionId": 20250901026,
      "transactionType": 301,
      "valueDate": "20251021",
      "transactionRef": "RFND-20250901026",
      "entityCode": "GPRDTTSTOU",
      "chequeNumber": 0,
      "transactionDateTime": "20251021000000",
      "extensibilityMap": null
    },
    {
      "accountCurrency": "USD",
      "debitCreditFlag": 2,
      "movementAmount": 73.4,
      "netBalance": 14421.88,
      "transactionDescription": "Uber Ride",
      "transactionDate": "20251023",
      "transactionId": 20250901027,
      "transactionType": 203,
      "valueDate": "20251023",
      "transactionRef": "UBR-20250901027",
      "entityCode": "GPRDTTSTOU",
      "chequeNumber": 0,
      "transactionDateTime": "20251023000000",
      "extensibilityMap": null
    },
    {
      "accountCurrency": "USD",
      "debitCreditFlag": 2,
      "movementAmount": 129.0,
      "netBalance": 14292.88,
      "transactionDescription": "Restaurant Dinner",
      "transactionDate": "20251025",
      "transactionId": 20250901028,
      "transactionType": 206,
      "valueDate": "20251025",
      "transactionRef": "RST-20250901028",
      "entityCode": "GPRDTTSTOU",
      "chequeNumber": 0,
      "transactionDateTime": "20251025000000",
      "extensibilityMap": null
    },
    {
      "accountCurrency": "USD",
      "debitCreditFlag": 2,
      "movementAmount": 55.0,
      "netBalance": 14237.88,
      "transactionDescription": "Streaming Subscription",
      "transactionDate": "20251027",
      "transactionId": 20250901029,
      "transactionType": 207,
      "valueDate": "20251027",
      "transactionRef": "SUB-20250901029",
      "entityCode": "GPRDTTSTOU",
      "chequeNumber": 0,
      "transactionDateTime": "20251027000000",
      "extensibilityMap": null
    },
    {
      "accountCurrency": "USD",
      "debitCreditFlag": 2,
      "movementAmount": 250.0,
      "netBalance": 13987.88,
      "transactionDescription": "Utility Bill",
      "transactionDate": "20251029",
      "transactionId": 20250901030,
      "transactionType": 402,
      "valueDate": "20251029",
      "transactionRef": "UTIL-20250901030",
      "entityCode": "GPRDTTSTOU",
      "chequeNumber": 0,
      "transactionDateTime": "20251029000000",
      "extensibilityMap": null
    },
    {
      "accountCurrency": "USD",
      "debitCreditFlag": 1,
      "movementAmount": 3200.0,
      "netBalance": 17187.88,
      "transactionDescription": "Salary Credit",
      "transactionDate": "20251031",
      "transactionId": 20250901031,
      "transactionType": 101,
      "valueDate": "20251031",
      "transactionRef": "SAL-20250901031",
      "entityCode": "GPRDTTSTOU",
      "chequeNumber": 0,
      "transactionDateTime": "20251031000000",
      "extensibilityMap": null
    },
    {
      "accountCurrency": "USD",
      "debitCreditFlag": 2,
      "movementAmount": 650.25,
      "netBalance": 16537.63,
      "transactionDescription": "Rent Payment",
      "transactionDate": "20251102",
      "transactionId": 20250901032,
      "transactionType": 401,
      "valueDate": "20251102",
      "transactionRef": "RENT-20250901032",
      "entityCode": "GPRDTTSTOU",
      "chequeNumber": 0,
      "transactionDateTime": "20251102000000",
      "extensibilityMap": null
    },
    {
      "accountCurrency": "USD",
      "debitCreditFlag": 2,
      "movementAmount": 89.99,
      "netBalance": 16447.64,
      "transactionDescription": "Amazon Purchase",
      "transactionDate": "20251104",
      "transactionId": 20250901033,
      "transactionType": 202,
      "valueDate": "20251104",
      "transactionRef": "AMZ-20250901033",
      "entityCode": "GPRDTTSTOU",
      "chequeNumber": 0,
      "transactionDateTime": "20251104000000",
      "extensibilityMap": null
    },
    {
      "accountCurrency": "USD",
      "debitCreditFlag": 2,
      "movementAmount": 42.8,
      "netBalance": 16404.84,
      "transactionDescription": "Groceries",
      "transactionDate": "20251106",
      "transactionId": 20250901034,
      "transactionType": 204,
      "valueDate": "20251106",
      "transactionRef": "GRC-20250901034",
      "entityCode": "GPRDTTSTOU",
      "chequeNumber": 0,
      "transactionDateTime": "20251106000000",
      "extensibilityMap": null
    },
    {
      "accountCurrency": "USD",
      "debitCreditFlag": 2,
      "movementAmount": 18.6,
      "netBalance": 16386.24,
      "transactionDescription": "Coffee Shop",
      "transactionDate": "20251108",
      "transactionId": 20250901035,
      "transactionType": 205,
      "valueDate": "20251108",
      "transactionRef": "CAF-20250901035",
      "entityCode": "GPRDTTSTOU",
      "chequeNumber": 0,
      "transactionDateTime": "20251108000000",
      "extensibilityMap": null
    },
    {
      "accountCurrency": "USD",
      "debitCreditFlag": 1,
      "movementAmount": 105.0,
      "netBalance": 16491.24,
      "transactionDescription": "Refund - Amazon",
      "transactionDate": "20251110",
      "transactionId": 20250901036,
      "transactionType": 301,
      "valueDate": "20251110",
      "transactionRef": "RFND-20250901036",
      "entityCode": "GPRDTTSTOU",
      "chequeNumber": 0,
      "transactionDateTime": "20251110000000",
      "extensibilityMap": null
    }
  ]
}